Name,Team,Position,Passing Completions,Passing Attempts,Passing Yards,Passing TDs,Passing INTs,Rushing Attemps,Rushing Yards,Rushing TDs,Receptions,Receving Yards,Receiving TDs,Targets,2PCs,Fumbles,Other TDs,Total Points
David Johnson,Ari,RB,0,0,0,0,0,293,1239,16,80,879,4,120,1,3,0,407.8
Aaron Rodgers,GB,QB,401,610,4428,40,7,67,369,4,0,0,0,0,2,4,0,380.0
Matt Ryan,Atl,QB,373,534,4944,38,7,35,117,0,0,0,0,0,2,2,0,347.5
Drew Brees,NO,QB,471,673,5208,37,15,23,20,2,0,0,0,0,0,4,0,332.3
Ezekiel Elliott,Dal,RB,0,0,0,0,0,322,1631,15,32,363,1,40,0,1,0,325.4
Le'Veon Bell,Pit,RB,0,1,0,0,0,261,1268,7,75,616,2,94,1,1,0,317.4
Andrew Luck,Ind,QB,346,545,4240,31,13,64,341,2,0,0,0,0,2,5,0,307.7
Antonio Brown,Pit,WR,0,0,0,0,0,3,9,0,106,1284,12,155,0,0,0,307.3
Jordy Nelson,GB,WR,0,0,0,0,0,0,0,0,97,1257,14,152,0,1,0,304.7
Mike Evans,TB,WR,0,0,0,0,0,0,0,0,96,1321,12,175,2,0,0,304.1
Kirk Cousins,Wsh,QB,406,606,4917,25,12,34,96,4,0,0,0,0,0,3,0,300.3
LeSean McCoy,Buf,RB,0,0,0,0,0,234,1267,13,50,356,1,57,1,0,0,298.3
Odell Beckham Jr.,NYG,WR,0,0,0,0,0,1,9,0,101,1367,10,169,0,1,0,296.6
DeMarco Murray,Ten,RB,1,2,10,1,0,293,1287,9,53,377,3,67,0,1,0,293.8
Dak Prescott,Dal,QB,311,459,3667,23,4,57,282,6,0,0,0,0,0,4,0,286.9
Devonta Freeman,Atl,RB,0,0,0,0,0,227,1079,11,54,462,2,65,0,1,0,284.1
Matthew Stafford,Det,QB,388,594,4327,24,10,37,207,2,0,0,0,0,1,2,0,279.8
T.Y. Hilton,Ind,WR,0,0,0,0,0,0,0,0,91,1448,6,156,1,0,0,273.8
Blake Bortles,Jax,QB,368,625,3905,23,16,58,359,3,1,20,1,1,2,6,0,271.1
Tyrod Taylor,Buf,QB,269,436,3023,17,6,95,580,6,0,0,0,0,2,2,0,270.9
Russell Wilson,Sea,QB,353,546,4219,21,11,72,259,1,2,14,1,2,1,2,0,270.1
Derek Carr,Oak,QB,357,560,3937,28,6,39,70,0,0,0,0,0,5,3,0,268.5
Andy Dalton,Cin,QB,364,563,4206,18,8,46,184,4,0,0,0,0,0,3,0,260.6
Marcus Mariota,Ten,QB,276,451,3426,26,9,60,349,2,0,0,0,1,0,5,0,259.9
Julio Jones,Atl,WR,0,0,0,0,0,0,0,0,83,1409,6,129,0,0,0,259.9
Philip Rivers,LAC,QB,349,578,4386,33,21,14,35,0,0,0,0,0,0,5,0,258.9
Tom Brady,NE,QB,291,432,3554,28,2,28,64,0,0,0,0,0,1,0,0,258.6
Jameis Winston,TB,QB,345,567,4090,28,18,53,165,1,0,0,0,0,3,6,0,256.1
Michael Thomas,NO,WR,0,0,0,0,0,0,0,0,92,1137,9,122,0,2,0,255.7
Cam Newton,Car,QB,270,510,3509,19,14,90,359,5,0,0,0,0,2,2,0,254.3
Doug Baldwin,Sea,WR,1,1,15,1,0,3,2,0,94,1128,7,126,0,0,0,253.6
Ben Roethlisberger,Pit,QB,328,509,3819,29,13,16,14,1,0,0,0,0,3,2,0,252.2
Melvin Gordon,LAC,RB,0,0,0,0,0,254,997,10,41,419,2,57,0,2,0,250.6
Davante Adams,GB,WR,0,0,0,0,0,0,0,0,75,997,12,121,1,1,0,246.7
Brandin Cooks,NE,WR,0,0,0,0,0,6,30,0,78,1173,8,117,0,0,0,246.3
Larry Fitzgerald,Ari,WR,0,1,0,0,0,2,5,0,107,1023,6,150,0,1,0,243.8
Carson Palmer,Ari,QB,364,597,4233,26,14,14,38,0,0,0,0,0,1,4,0,243.1
Joe Flacco,Bal,QB,436,672,4317,20,15,21,58,2,0,0,0,0,4,3,0,242.5
Mark Ingram,NO,RB,0,0,0,0,0,205,1043,6,46,319,4,57,2,2,0,242.2
Michael Crabtree,Oak,WR,0,0,0,0,0,0,0,0,89,1003,8,145,1,0,0,239.3
LeGarrette Blount,Phi,RB,0,0,0,0,0,299,1161,18,7,38,0,8,0,1,0,232.9
Amari Cooper,Oak,WR,0,0,0,0,0,1,0,0,83,1153,5,132,2,0,0,232.3
Jarvis Landry,Mia,WR,0,1,0,0,0,5,17,0,94,1136,4,131,1,2,0,231.3
Julian Edelman,NE,WR,0,0,0,0,0,12,57,0,98,1106,3,158,1,2,0,230.3
Jordan Howard,Chi,RB,0,0,0,0,0,252,1313,6,29,298,1,50,0,1,0,230.1
Demaryius Thomas,Den,WR,0,0,0,0,0,0,0,0,90,1083,5,145,1,2,0,226.3
Alex Smith,KC,QB,328,489,3502,15,8,48,134,5,1,3,0,1,2,4,0,224.8
Eli Manning,NYG,QB,377,598,4027,26,16,21,-9,0,0,0,0,0,0,4,0,224.2
Golden Tate,Det,WR,0,0,0,0,0,10,4,0,91,1077,4,135,1,1,0,223.1
Travis Kelce,KC,TE,0,0,0,0,0,1,-5,0,85,1125,4,117,1,0,0,223.0
Sam Bradford,Min,QB,395,552,3877,20,5,20,53,0,1,5,0,1,0,5,0,221.9
Tyreek Hill,KC,WR,0,0,0,0,0,24,267,3,61,593,6,83,0,1,3,217.0
Tyrell Williams,LAC,WR,0,0,0,0,0,0,0,0,69,1059,7,120,0,0,0,216.9
Jay Ajayi,Mia,RB,0,0,0,0,0,260,1272,8,27,151,0,34,0,1,0,215.3
Frank Gore,Ind,RB,0,0,0,0,0,263,1025,4,38,277,4,47,0,1,0,214.2
Carson Wentz,Phi,QB,379,607,3782,16,14,46,150,2,1,7,0,1,2,3,0,214.0
Terrelle Pryor Sr.,Wsh,WR,5,9,41,0,0,8,21,1,77,1007,4,140,1,0,0,213.4
Emmanuel Sanders,Den,WR,0,0,0,0,0,1,4,0,79,1032,5,139,0,0,0,212.6
Rishard Matthews,Ten,WR,0,0,0,0,0,0,0,0,65,945,9,108,0,1,0,211.5
Kyle Rudolph,Min,TE,0,0,0,0,0,0,0,0,83,840,7,132,0,0,0,209.0
Latavius Murray,Min,RB,0,0,0,0,0,195,788,12,33,264,0,42,0,1,0,208.2
Greg Olsen,Car,TE,0,0,0,0,0,0,0,0,80,1073,3,127,1,0,0,207.3
Isaiah Crowell,Cle,RB,0,0,0,0,0,198,952,7,40,319,0,52,0,2,0,205.1
Mike Wallace,Bal,WR,0,0,0,0,0,5,31,0,72,1017,4,117,1,0,0,202.8
Pierre Garcon,SF,WR,0,0,0,0,0,0,0,0,79,1041,3,116,0,0,0,201.1
Colin Kaepernick,SF,QB,196,331,2241,16,4,69,468,2,0,0,0,0,1,3,0,200.4
Allen Robinson,Jax,WR,0,0,0,0,0,0,0,0,73,883,6,151,1,0,0,199.3
Todd Gurley,LAR,RB,0,0,0,0,0,278,885,6,43,327,0,57,0,1,0,198.2
Jamison Crowder,Wsh,WR,0,0,0,0,0,2,-2,0,67,847,7,97,0,1,1,197.5
DeAndre Hopkins,Hou,WR,0,0,0,0,0,0,0,0,78,954,4,150,0,0,0,197.4
Kelvin Benjamin,Car,WR,0,0,0,0,0,0,0,0,63,941,7,118,0,1,0,197.1
Bilal Powell,NYJ,RB,0,0,0,0,0,131,722,3,58,388,2,74,0,1,0,197.0
Kenny Britt,Cle,WR,0,0,0,0,0,0,0,0,68,1002,5,111,0,1,0,196.2
Adam Thielen,Min,WR,0,0,0,0,0,2,15,0,69,967,5,92,0,1,0,195.2
Spencer Ware,KC,RB,0,0,0,0,0,214,921,3,33,447,2,42,0,3,0,193.8
Stefon Diggs,Min,WR,0,0,0,0,0,3,10,0,84,903,3,111,0,0,0,193.3
Carlos Hyde,SF,RB,0,0,0,0,0,217,988,6,27,163,3,33,1,3,0,192.1
Trevor Siemian,Den,QB,289,486,3401,18,10,28,57,0,0,0,0,0,1,2,0,191.7
Willie Snead,NO,WR,1,1,50,1,0,0,0,0,72,895,4,104,0,0,0,191.5
Lamar Miller,Hou,RB,0,0,0,0,0,268,1073,5,31,188,1,40,0,1,0,191.1
Tevin Coleman,Atl,RB,0,0,0,0,0,118,520,8,31,421,3,40,0,0,0,191.1
Ryan Tannehill,Mia,QB,261,389,2995,19,12,39,164,1,0,0,0,0,1,3,0,190.2
Jimmy Graham,Sea,TE,0,0,0,0,0,1,0,0,65,923,6,95,0,2,0,189.3
Cole Beasley,Dal,WR,0,1,0,0,0,1,7,0,75,833,5,98,0,0,0,189.0
Delanie Walker,Ten,TE,0,0,0,0,0,2,11,0,65,800,7,102,0,0,0,188.1
A.J. Green,Cin,WR,0,0,0,0,0,0,0,0,66,964,4,100,0,0,0,186.4
Brandon LaFell,Cin,WR,0,0,0,0,0,1,-2,0,64,862,6,106,0,0,0,186.0
Sterling Shepard,NYG,WR,0,0,0,0,0,3,31,0,65,683,8,105,0,0,0,184.4
Steve Smith Sr.,Bal,WR,0,0,0,0,0,0,0,0,70,799,5,103,2,0,0,183.9
Matt Forte,NYJ,RB,0,0,0,0,0,218,813,7,30,263,1,43,0,1,0,183.6
Zach Ertz,Phi,TE,0,0,0,0,0,0,0,0,78,816,4,106,0,0,0,183.6
DeSean Jackson,TB,WR,0,0,0,0,0,0,0,0,56,1005,4,100,0,0,0,180.5
Dez Bryant,Dal,WR,1,1,10,1,0,0,0,0,50,796,8,97,0,1,0,180.0
Cameron Meredith,Chi,WR,1,1,2,1,0,1,6,0,66,888,4,96,0,2,0,179.5
Marqise Lee,Jax,WR,1,1,20,1,0,6,35,0,63,851,3,105,0,1,1,178.4
Jeremy Hill,Cin,RB,0,0,0,0,0,222,839,9,21,174,0,27,0,0,0,176.3
Matt Bryant,Atl,K,0,0,0,0,0,0,0,0,0,0,0,0,0,0,0,176.0
Justin Tucker,Bal,K,0,1,0,0,0,0,0,0,0,0,0,0,0,0,0,174.0
Anquan Boldin,Buf,WR,0,0,0,0,0,0,0,0,67,584,8,95,0,0,0,173.4
Marvin Jones,Det,WR,0,0,0,0,0,1,3,0,55,930,4,103,0,0,0,172.3
Jordan Matthews,Buf,WR,0,0,0,0,0,0,0,0,73,804,3,117,0,0,0,171.4
Terrance West,Bal,RB,0,0,0,0,0,193,774,5,34,236,1,45,0,0,0,171.0
Cameron Brate,TB,TE,0,0,0,0,0,0,0,0,57,660,8,81,0,0,0,171.0
Brock Osweiler,Cle,QB,301,510,2957,15,16,30,131,2,1,-14,0,1,0,1,0,169.0
Dennis Pitta,Bal,TE,0,0,0,0,0,0,0,0,86,729,2,119,0,1,0,168.9
Quincy Enunwa,NYJ,WR,0,0,0,0,0,1,12,0,58,857,4,106,0,0,0,168.9
Jordan Reed,Wsh,TE,0,0,0,0,0,0,0,0,66,686,6,87,0,1,0,168.6
Kenny Stills,Mia,WR,0,0,0,0,0,0,0,0,42,726,9,81,0,0,0,168.6
Martellus Bennett,GB,TE,0,0,0,0,0,2,10,0,55,701,7,73,0,0,0,168.1
Dontrelle Inman,LAC,WR,0,0,0,0,0,0,0,0,58,810,4,94,0,0,0,163.0
Darren Sproles,Phi,RB,0,0,0,0,0,94,438,2,52,427,2,71,0,0,0,162.5
Theo Riddick,Det,RB,0,0,0,0,0,92,357,1,53,371,5,67,0,0,0,161.8
James White,NE,RB,0,0,0,0,0,39,166,0,60,551,5,86,0,0,0,161.7
Ted Ginn Jr.,NO,WR,0,0,0,0,0,14,98,0,54,752,4,95,0,2,0,159.0
Brandon Marshall,NYG,WR,0,0,0,0,0,0,0,0,59,788,3,128,0,0,0,155.8
DeVante Parker,Mia,WR,0,0,0,0,0,0,0,0,56,744,4,90,0,0,0,154.4
Jason Witten,Dal,TE,0,0,0,0,0,0,0,0,69,673,3,95,0,1,0,152.3
Mohamed Sanu,Atl,WR,0,0,0,0,0,1,5,0,59,653,4,81,1,1,0,148.8
Jerick McKinnon,Min,RB,0,1,0,0,0,159,539,2,43,255,2,54,1,0,0,148.4
Randall Cobb,GB,WR,0,0,0,0,0,10,33,0,60,610,4,84,0,0,0,148.3
Antonio Gates,LAC,TE,0,0,0,0,0,0,0,0,53,548,7,92,0,1,0,147.8
Chris Thompson,Wsh,RB,0,0,0,0,0,68,356,3,49,349,2,62,0,1,0,147.5
Tavon Austin,LAR,WR,0,0,0,0,0,28,159,1,58,509,3,107,0,1,0,146.8
Jeremy Kerley,SF,WR,0,0,0,0,0,0,0,0,64,667,3,115,0,1,0,146.7
Jonathan Stewart,Car,RB,0,0,0,0,0,218,824,9,8,60,0,20,0,2,0,146.4
Alshon Jeffery,Phi,WR,0,0,0,0,0,0,0,0,52,821,2,95,0,0,0,146.1
Jack Doyle,Ind,TE,0,0,0,0,0,0,0,0,59,584,5,75,0,1,0,145.4
Adam Vinatieri,Ind,K,0,0,0,0,0,0,0,0,0,0,0,0,0,0,0,145.0
Ryan Mathews,Phi,RB,0,0,0,0,0,155,661,8,13,115,1,14,2,2,0,144.6
Duke Johnson Jr.,Cle,RB,0,1,0,0,0,73,358,1,53,514,0,72,0,1,0,144.2
Eric Ebron,Det,TE,0,0,0,0,0,1,1,1,61,711,1,86,0,0,0,144.2
Caleb Sturgis,Phi,K,0,0,0,0,0,0,0,0,0,0,0,0,0,0,0,144.0
Matt Prater,Det,K,0,0,0,0,0,0,0,0,0,0,0,0,0,0,0,143.0
Dustin Hopkins,Wsh,K,0,0,0,0,0,0,0,0,0,0,0,0,0,0,0,143.0
Devontae Booker,Den,RB,0,0,0,0,0,174,612,4,31,265,1,46,0,3,0,142.7
Wil Lutz,NO,K,0,0,0,0,0,0,0,0,0,0,0,0,0,0,0,141.0
Ty Montgomery,GB,RB,0,0,0,0,0,77,457,3,44,348,0,56,0,1,0,140.5
Taylor Gabriel,Atl,WR,0,0,0,0,0,4,51,1,35,579,6,49,0,0,0,140.0
J.J. Nelson,Ari,WR,0,0,0,0,0,4,83,1,34,568,6,74,0,1,0,139.1
Rashad Jennings,NYG,RB,0,0,0,0,0,181,593,3,35,201,1,42,0,0,0,138.4
T.J. Yeldon,Jax,RB,0,0,0,0,0,130,465,1,50,312,1,68,0,1,0,137.7
Coby Fleener,NO,TE,0,0,0,0,0,1,2,1,50,631,3,82,0,0,0,137.3
Christine Michael,Ind,RB,0,0,0,0,0,148,583,7,22,107,1,29,0,1,0,137.0
Charles Clay,Buf,TE,0,0,0,0,0,0,0,0,57,552,4,87,0,0,0,136.2
Nick Novak,Hou,K,0,0,0,0,0,0,0,0,0,0,0,0,0,0,0,135.0
Stephen Gostkowski,NE,K,0,0,0,0,0,0,0,0,0,0,0,0,0,0,0,135.0
Dan Bailey,Dal,K,0,0,0,0,0,0,0,0,0,0,0,0,0,0,0,135.0
Cairo Santos,KC,K,0,0,0,0,0,0,0,0,0,0,0,0,0,0,0,135.0
Sebastian Janikowski,Oak,K,0,0,0,0,0,0,0,0,0,0,0,0,0,0,0,134.0
Stephen Hauschka,Buf,K,0,0,0,0,0,0,0,0,0,0,0,0,0,0,0,134.0
C.J. Fiedorowicz,Hou,TE,0,0,0,0,0,0,0,0,54,559,4,89,0,0,0,133.9
Ryan Fitzpatrick,TB,QB,228,403,2710,12,17,33,130,0,0,0,0,0,0,1,0,133.4
Graham Gano,Car,K,0,0,0,0,0,0,0,0,0,0,0,0,0,0,0,133.0
Adam Humphries,TB,WR,0,0,0,0,0,5,18,0,55,622,2,82,1,0,0,133.0
Robert Kelley,Wsh,RB,0,0,0,0,0,168,704,6,12,82,1,18,0,0,0,132.6
Matt Asiata,Det,RB,0,0,0,0,0,121,402,6,32,263,0,38,0,1,0,132.5
Travis Benjamin,LAC,WR,0,1,0,0,0,2,-3,0,47,677,4,76,0,3,0,132.4
Gary Barnidge,Cle,TE,0,0,0,0,0,0,0,0,55,612,2,81,1,0,0,130.2
Hunter Henry,LAC,TE,0,0,0,0,0,0,0,0,36,478,8,54,0,1,0,129.8
Chris Hogan,NE,WR,0,0,0,0,0,3,9,0,38,680,4,57,0,1,0,128.9
Will Fuller V,Hou,WR,0,0,0,0,0,1,-3,0,47,635,2,92,0,0,1,128.2
Brandon McManus,Den,K,0,0,0,0,0,1,6,0,0,0,0,0,0,0,0,127.6
Jason Myers,Jax,K,0,0,0,0,0,0,0,0,0,0,0,0,0,0,0,127.0
Tim Hightower,SF,RB,0,0,0,0,0,133,548,4,22,200,1,26,0,0,0,126.8
Eli Rogers,Pit,WR,0,0,0,0,0,1,6,0,48,594,3,66,0,0,0,126.0
Mike Gillislee,NE,RB,0,0,0,0,0,101,577,8,9,50,1,11,0,0,0,125.7
Terrance Williams,Dal,WR,0,0,0,0,0,0,0,0,44,594,4,61,0,1,0,125.4
Mason Crosby,GB,K,0,0,0,0,0,0,0,0,0,0,0,0,0,0,0,125.0
Tyler Boyd,Cin,WR,0,0,0,0,0,4,58,0,54,603,1,81,0,1,0,124.1
Tyler Lockett,Sea,WR,0,0,0,0,0,6,114,1,41,597,1,67,0,0,0,124.1
Giovani Bernard,Cin,RB,0,0,0,0,0,91,337,2,39,336,1,51,0,1,0,122.3
Josh Lambo,LAC,K,0,0,0,0,0,0,0,0,0,0,0,0,0,0,0,120.0
Zach Miller,Chi,TE,0,0,0,0,0,0,0,0,47,486,4,65,0,0,0,119.6
Cordarrelle Patterson,Oak,WR,0,0,0,0,0,7,43,0,52,453,2,70,0,0,1,119.6
Robert Woods,LAR,WR,0,0,0,0,0,1,6,0,51,613,1,74,0,0,0,118.9
Ryan Succop,Ten,K,0,0,0,0,0,0,0,0,0,0,0,0,0,0,0,117.0
Michael Floyd,Min,WR,0,0,0,0,0,0,0,0,37,488,5,77,0,0,0,115.8
Jalen Richard,Oak,RB,0,0,0,0,0,83,491,1,29,194,2,39,0,0,0,115.5
Brian Quick,Wsh,WR,0,0,0,0,0,0,0,0,41,564,3,79,0,0,0,115.4
Robby Anderson,NYJ,WR,0,0,0,0,0,3,42,0,42,587,2,78,0,1,0,114.9
Vernon Davis,Wsh,TE,0,0,0,0,0,0,0,0,44,583,2,59,0,0,0,114.3
Dwayne Allen,NE,TE,0,0,0,0,0,0,0,0,35,406,6,52,1,0,0,113.6
Seth Roberts,Oak,WR,0,0,0,0,0,0,0,0,38,397,5,77,2,0,0,111.7
Case Keenum,Min,QB,196,322,2201,9,11,20,51,1,0,0,0,0,0,1,0,111.1
Chandler Catanzaro,NYJ,K,0,0,0,0,0,0,0,0,0,0,0,0,0,0,0,111.0
Lance Kendricks,GB,TE,0,0,0,0,0,0,0,0,50,499,2,88,0,1,0,109.9
Jeremy Maclin,Bal,WR,0,1,0,0,0,1,-1,0,44,536,2,76,0,0,0,109.5
Shaun Draughn,NYG,RB,0,0,0,0,0,74,196,4,29,263,2,39,0,1,0,108.9
Robert Turbin,Ind,RB,0,0,0,0,0,47,164,7,26,179,1,35,0,0,0,108.3
Nick Folk,TB,K,0,0,0,0,0,0,0,0,0,0,0,0,0,0,0,108.0
Chris Boswell,Pit,K,0,0,0,0,0,0,0,0,0,0,0,0,0,0,0,106.0
Derrick Henry,Ten,RB,0,0,0,0,0,110,490,5,13,137,0,15,0,0,0,105.7
Tajae Sharpe,Ten,WR,0,0,0,0,0,1,1,0,41,522,2,83,0,0,0,105.3
Ryan Griffin,Hou,TE,0,0,0,0,0,0,0,0,50,442,2,75,0,1,0,104.2
John Brown,Ari,WR,0,0,0,0,0,1,10,0,39,517,2,72,0,0,0,103.7
Donte Moncrief,Ind,WR,0,0,0,0,0,1,-1,0,30,307,7,56,0,0,0,102.6
C.J. Anderson,Den,RB,0,0,0,0,0,110,437,4,16,128,1,25,0,0,0,102.5
Kenneth Dixon,Bal,RB,0,0,0,0,0,88,382,2,30,162,1,41,0,0,0,102.4
Victor Cruz,Chi,WR,0,0,0,0,0,0,0,0,39,586,1,72,0,1,0,101.6
Breshad Perriman,Bal,WR,0,0,0,0,0,1,2,0,33,499,3,66,0,0,0,101.1
Allen Hurns,Jax,WR,0,0,0,0,0,0,0,0,35,477,3,76,0,0,0,100.7
DeAngelo Williams,Pit,RB,0,0,0,0,0,98,343,4,18,118,2,27,0,0,0,100.1
Phillip Dorsett,Ind,WR,0,0,0,0,0,2,10,0,33,528,2,60,0,0,0,98.8
Tyler Eifert,Cin,TE,0,0,0,0,0,0,0,0,29,394,5,47,0,0,0,98.4
Jermaine Kearse,Sea,WR,0,0,0,0,0,0,0,0,41,511,1,90,0,0,0,98.1
Dan Carpenter,Buf,K,0,0,0,0,0,0,0,0,0,0,0,0,0,0,0,97.0
Rob Gronkowski,NE,TE,0,0,0,0,0,0,0,0,25,540,3,38,0,0,0,97.0
Chris Conley,KC,WR,0,0,0,0,0,0,0,0,44,530,0,69,0,0,0,97.0
Malcolm Mitchell,NE,WR,0,0,0,0,0,0,0,0,32,401,4,48,0,0,0,96.1
Chris Ivory,Jax,RB,0,0,0,0,0,117,439,3,20,186,0,28,0,3,0,94.5
Charcandrick West,KC,RB,0,0,0,0,0,88,293,1,28,188,2,34,0,0,0,94.1
Travaris Cadet,NO,RB,0,0,0,0,0,4,19,0,40,281,4,53,0,0,0,94.0
Will Tye,NYG,TE,0,0,0,0,0,0,0,0,48,395,1,70,0,0,0,93.5
Damien Williams,Mia,RB,0,0,0,0,0,35,115,3,23,249,3,31,0,1,0,93.4
Corey Coleman,Cle,WR,0,0,0,0,0,2,10,0,33,413,3,74,0,0,0,93.3
Phil Dawson,Ari,K,0,0,0,0,0,0,0,0,0,0,0,0,0,0,0,93.0
Zach Zenner,Det,RB,0,0,0,0,0,88,334,4,18,196,0,23,0,1,0,93.0
Roberto Aguayo,Chi,K,0,0,0,0,0,0,0,0,0,0,0,0,0,0,0,93.0
Mike Nugent,NYG,K,0,0,0,0,0,0,0,0,0,0,0,0,0,0,0,91.0
Jesse James,Pit,TE,0,0,0,0,0,0,0,0,39,338,3,59,0,0,0,90.8
Jacquizz Rodgers,TB,RB,0,0,0,0,0,129,560,2,13,98,0,16,0,0,0,90.8
Kendall Wright,Chi,WR,0,0,0,0,0,1,15,0,29,416,3,43,0,0,0,90.1
Marquise Goodwin,SF,WR,0,0,0,0,0,0,0,0,29,431,3,68,0,0,0,90.1
Jermaine Gresham,Ari,TE,0,0,0,0,0,0,0,0,37,391,2,61,0,0,0,88.1
Eddie Royal,Chi,WR,0,0,0,0,0,0,0,0,33,369,2,43,0,0,1,87.9
Nelson Agholor,Phi,WR,0,0,0,0,0,5,14,0,36,365,2,70,1,0,0,87.9
Dorial Green-Beckham,Phi,WR,0,0,0,0,0,0,0,0,36,392,2,74,0,0,0,87.2
Vance McDonald,SF,TE,0,0,0,0,0,0,0,0,24,391,4,45,0,0,0,87.1
Andrew Franks,Mia,K,0,0,0,0,0,0,0,0,0,0,0,0,0,0,0,87.0
Clive Walford,Oak,TE,0,0,0,0,0,0,0,0,33,359,3,52,0,0,0,86.9
Devin Funchess,Car,WR,0,0,0,0,0,0,0,0,23,371,4,59,1,0,0,86.1
Doug Martin,TB,RB,0,0,0,0,0,144,421,3,14,134,0,16,0,1,0,85.5
DeAndre Washington,Oak,RB,0,0,0,0,0,87,467,2,17,115,0,23,0,1,0,85.2
Connor Barth,Chi,K,0,0,0,0,0,0,0,0,0,0,0,0,0,0,0,85.0
Greg Zuerlein,LAR,K,0,0,0,0,0,0,0,0,0,0,0,0,0,0,0,84.0
Cody Parkey,Cle,K,0,0,0,0,0,0,0,0,0,0,0,0,0,0,0,84.0
Andrew Hawkins,Cle,WR,0,0,0,0,0,2,0,0,33,324,3,54,0,0,0,83.4
Sammy Watkins,LAR,WR,0,0,0,0,0,0,0,0,28,430,2,52,0,0,0,83.0
Julius Thomas,Mia,TE,0,0,0,0,0,0,0,0,30,281,4,52,0,0,0,82.1
Albert Wilson,KC,WR,0,0,0,0,0,2,50,1,31,279,2,51,0,0,0,81.9
Garrett Celek,SF,TE,0,0,0,0,0,0,0,0,29,350,3,50,0,1,0,80.0
Brian Hoyer,SF,QB,134,200,1445,6,0,7,-2,0,0,0,0,0,0,1,0,79.6
Sammie Coates,Pit,WR,0,0,0,0,0,4,14,0,21,435,2,49,0,0,0,77.9
Quinton Patton,NYJ,WR,0,0,0,0,0,0,0,0,37,408,0,63,0,0,0,77.8
Cody Kessler,Cle,QB,128,195,1380,6,2,11,18,0,0,0,0,0,1,1,0,77.0
Paul Perkins,NYG,RB,0,0,0,0,0,112,456,0,15,162,0,24,0,0,0,76.8
Rex Burkhead,NE,RB,0,0,0,0,0,74,344,2,17,145,0,20,0,1,0,75.9
Trey Burton,Phi,TE,0,0,0,0,0,0,0,0,37,327,1,60,0,0,0,75.7
Dion Sims,Chi,TE,0,0,0,0,0,0,0,0,26,256,4,35,0,0,0,75.6
Thomas Rawls,Sea,RB,0,0,0,0,0,109,349,3,13,96,0,17,0,0,0,75.5
Matt Jones,Wsh,RB,0,0,0,0,0,99,460,3,8,73,0,8,0,2,0,75.3
Kyle Juszczyk,SF,RB,0,0,0,0,0,5,22,1,37,266,0,49,1,0,0,73.8
Blaine Gabbert,Ari,QB,91,160,925,5,6,40,173,2,1,-16,0,1,0,0,0,73.7
Jeremy Langford,Chi,RB,0,0,0,0,0,62,200,4,19,142,0,27,0,2,0,73.2
Fozzy Whittaker,Car,RB,0,0,0,0,0,57,265,0,25,226,0,33,0,1,0,72.1
Brandon Coleman,NO,WR,0,0,0,0,0,0,0,0,26,281,3,38,0,0,0,72.1
Matt Barkley,SF,QB,129,216,1611,8,14,7,2,0,1,2,1,1,0,2,0,71.8
Jared Cook,Oak,TE,0,0,0,0,0,0,0,0,30,377,1,51,0,1,0,71.7
Russell Shepard,Car,WR,0,0,0,0,0,1,9,0,23,341,2,40,0,0,0,70.0
Danny Amendola,NE,WR,0,0,0,0,0,0,0,0,23,243,4,29,0,1,0,69.3
Richard Rodgers,GB,TE,0,0,0,0,0,0,0,0,30,271,2,46,0,0,0,69.1
Charles Sims,TB,RB,0,0,0,0,0,51,149,1,24,190,1,32,0,1,0,67.9
Kamar Aiken,Ind,WR,0,0,0,0,0,0,0,0,29,328,1,50,0,0,0,67.8
Robert Griffin III,Cle,QB,87,147,886,2,3,31,190,2,0,0,0,0,0,1,0,66.4
Justin Hardy,Atl,WR,0,0,0,0,0,0,0,0,21,203,4,32,0,0,0,65.3
Torrey Smith,Phi,WR,0,0,0,0,0,0,0,0,20,267,3,49,0,0,0,64.7
Aldrick Robinson,SF,WR,0,0,0,0,0,0,0,0,20,323,2,32,0,0,0,64.3
Austin Hooper,Atl,TE,0,0,0,0,0,0,0,0,19,271,3,27,0,0,0,64.1
Kai Forbath,Min,K,0,0,0,0,0,0,0,0,0,0,0,0,0,0,0,62.0
Alfred Blue,Hou,RB,0,0,0,0,0,100,420,1,12,40,0,16,0,1,0,62.0
Justin Forsett,Den,RB,0,0,0,0,0,87,291,1,20,85,0,27,0,1,0,61.6
Jacob Tamme,Atl,TE,0,0,0,0,0,0,0,0,22,210,3,31,0,0,0,61.0
C.J. Prosise,Sea,RB,0,0,0,0,0,30,172,1,17,208,0,19,0,0,0,61.0
Corey Brown,Buf,WR,0,0,0,0,0,2,6,0,27,276,1,53,0,1,0,59.2
James Starks,GB,RB,0,0,0,0,0,63,145,0,19,134,2,25,0,0,0,58.9
Bryan Walters,Jax,WR,0,0,0,0,0,1,4,0,24,231,2,34,0,1,0,57.5
Jamize Olawale,Oak,RB,0,0,0,0,0,17,47,2,12,227,1,14,0,0,0,57.4
Deonte Thompson,Chi,WR,0,0,0,0,0,0,0,0,22,249,2,36,0,1,0,56.9
Josh Bellamy,Chi,WR,0,0,0,0,0,4,37,0,19,282,1,38,0,0,0,56.9
John Kuhn,NO,RB,0,0,0,0,0,18,37,4,16,70,1,20,0,0,0,56.7
Paul Richardson,Sea,WR,0,0,0,0,0,1,5,0,21,288,1,36,0,0,0,56.3
Brice Butler,Dal,WR,0,0,0,0,0,0,0,0,16,219,3,32,0,0,0,55.9
Matt Moore,Mia,QB,55,87,721,8,3,1,-1,0,0,0,0,0,0,0,0,54.7
Dion Lewis,NE,RB,0,0,0,0,0,64,283,0,17,94,0,24,0,0,0,54.7
Ladarius Green,Pit,TE,0,0,0,0,0,0,0,0,18,304,1,34,0,0,0,54.4
C.J. Uzomah,Cin,TE,0,0,0,0,0,0,0,0,25,234,1,38,0,0,0,54.4
Robbie Gould,SF,K,0,0,0,0,0,0,0,0,0,0,0,0,0,0,0,54.0
Jared Goff,LAR,QB,112,205,1089,5,7,8,16,1,0,0,0,0,0,2,0,53.2
Blair Walsh,Sea,K,0,0,0,0,0,0,0,0,0,0,0,0,0,0,0,53.0
Justin Hunter,Pit,WR,0,0,0,0,0,0,0,0,10,189,4,24,0,0,0,52.9
Wendell Smallwood,Phi,RB,0,0,0,0,0,77,312,1,6,55,0,12,0,1,1,52.7
Cobi Hamilton,Pit,WR,0,0,0,0,0,0,0,0,17,234,2,28,0,0,0,52.4
Josh McCown,NYJ,QB,90,165,1100,6,6,7,21,0,0,0,0,0,1,4,0,52.1
Virgil Green,Den,TE,0,0,0,0,0,0,0,0,22,237,1,37,0,0,0,51.7
Levine Toilolo,Atl,TE,0,0,0,0,0,0,0,0,13,264,2,19,0,0,0,51.4
Erik Swoope,Ind,TE,0,0,0,0,0,0,0,0,15,297,1,22,0,0,0,50.7
Kenyan Drake,Mia,RB,0,0,0,0,0,33,179,2,9,46,0,10,0,0,1,49.5
Rod Streater,Buf,WR,0,0,0,0,0,0,0,0,18,191,2,27,0,0,0,49.1
Andre Roberts,Atl,WR,0,0,0,0,0,0,0,0,14,188,1,25,0,1,2,48.8
Dwayne Washington,Det,RB,0,0,0,0,0,90,265,1,10,62,0,15,0,0,0,48.7
Jordan Taylor,Den,WR,0,0,0,0,0,0,0,0,16,209,2,27,0,1,0,46.9
Jay Cutler,Mia,QB,81,137,1059,4,5,5,24,0,0,0,0,0,0,2,0,46.8
Aaron Ripkowski,GB,RB,0,0,0,0,0,34,150,2,9,46,1,10,0,0,0,46.6
Chester Rogers,Ind,WR,0,0,0,0,0,0,0,0,19,273,0,35,0,0,0,46.3
Josh Brown,NYG,K,0,0,0,0,0,0,0,0,0,0,0,0,0,0,0,45.0
Andre Holmes,Buf,WR,0,0,0,0,0,0,0,0,14,126,3,25,0,0,0,44.6
Jordan Norwood,Den,WR,0,0,0,0,0,1,0,0,21,232,1,35,0,3,0,44.2
Geronimo Allison,GB,WR,0,0,0,0,0,0,0,0,12,202,2,22,0,0,0,44.2
Charone Peake,NYJ,WR,0,0,0,0,0,0,0,0,19,186,0,34,0,0,0,43.6
Demetrius Harris,KC,TE,0,0,0,0,0,0,0,0,17,123,1,31,1,0,1,43.3
Charles D. Johnson,Car,WR,0,0,0,0,0,0,0,0,20,232,0,37,0,0,0,43.2
Mychal Rivera,Jax,TE,0,0,0,0,0,0,0,0,18,192,1,25,0,0,0,43.2
Marcedes Lewis,Jax,TE,0,0,0,0,0,0,0,0,20,169,1,30,0,0,0,42.9
Eddie Lacy,Sea,RB,0,0,0,0,0,71,360,0,4,28,0,7,0,0,0,42.8
Darrius Heyward-Bey,Pit,WR,0,0,0,0,0,1,60,1,6,114,2,19,0,0,0,41.4
Ben Koyack,Jax,TE,0,0,0,0,0,0,0,0,19,161,1,24,0,0,0,41.1
Josh Huff,TB,WR,0,1,0,0,0,4,15,0,16,113,1,23,0,0,1,40.8
Eric Decker,Ten,WR,0,0,0,0,0,0,0,0,9,194,2,21,0,0,0,40.4
Alfred Morris,Dal,RB,0,0,0,0,0,69,243,2,3,11,0,6,0,0,0,40.4
Luke Willson,Sea,TE,0,0,0,0,0,0,0,0,15,129,2,21,0,0,0,39.9
Bobby Rainey,Bal,RB,0,0,0,0,0,17,63,0,20,153,0,25,0,1,0,39.6
Kevin White,Chi,WR,0,0,0,0,0,1,9,0,19,187,0,35,0,0,0,38.6
Ricardo Louis,Cle,WR,0,0,0,0,0,0,0,0,18,205,0,36,0,0,0,38.5
Shane Vereen,NYG,RB,0,0,0,0,0,33,158,1,11,94,0,19,0,2,0,38.2
Jalin Marshall,NYJ,WR,0,0,0,0,0,0,0,0,14,162,2,23,0,2,0,38.2
Bennie Fowler,Den,WR,0,0,0,0,0,0,0,0,11,145,2,24,0,0,0,37.5
Lance Dunbar,LAR,RB,0,0,0,0,0,9,31,1,16,122,0,24,0,0,0,37.3
Kenneth Farrow,LAC,RB,0,0,0,0,0,60,192,0,13,70,0,16,0,1,0,37.2
Cody Core,Cin,WR,0,0,0,0,0,0,0,0,17,200,0,27,0,0,0,37.0
Tanner McEvoy,Sea,WR,1,1,43,0,0,0,0,0,9,140,2,11,0,0,0,36.7
Jeff Janis,GB,WR,0,0,0,0,0,2,38,1,11,93,1,19,0,0,0,36.1
Peyton Barber,TB,RB,0,0,0,0,0,55,223,1,5,28,0,6,0,0,0,36.1
Harry Douglas,Ten,WR,0,0,0,0,0,0,0,0,15,210,0,22,0,0,0,36.0
Jimmy Garoppolo,NE,QB,43,63,502,4,0,10,6,0,1,3,0,1,0,1,0,36.0
Corey Grant,Jax,RB,0,0,0,0,0,32,164,1,4,35,1,7,0,0,0,35.9
Josh Hill,NO,TE,0,0,0,0,0,0,0,0,15,149,1,22,0,0,0,35.9
Alex Collins,Sea,RB,0,0,0,0,0,31,125,1,11,84,0,11,0,1,0,35.9
Jaron Brown,Ari,WR,0,0,0,0,0,0,0,0,11,187,1,22,0,0,0,35.7
Josh Ferguson,Ind,RB,0,0,0,0,0,15,20,0,20,136,0,25,0,0,0,35.6
Darren Fells,Det,TE,0,0,0,0,0,0,0,0,14,154,1,18,0,0,0,35.4
DuJuan Harris,Jax,RB,0,0,0,0,0,38,138,0,8,115,1,9,0,2,0,35.3
Benny Cunningham,Chi,RB,0,0,0,0,0,21,101,0,16,91,0,21,0,0,0,35.2
Xavier Grimble,Pit,TE,0,0,0,0,0,0,0,0,11,118,2,21,0,0,0,34.8
Seth DeValve,Cle,TE,0,0,0,0,0,0,0,0,10,127,2,13,0,0,0,34.7
Mike Tolbert,Buf,RB,0,0,0,0,0,35,114,0,10,72,1,15,0,0,0,34.6
Austin Seferian-Jenkins,NYJ,TE,0,0,0,0,0,0,0,0,13,154,1,21,0,0,0,34.4
Daniel Brown,Chi,TE,0,0,0,0,0,0,0,0,16,124,1,20,0,0,0,34.4
Jerell Adams,NYG,TE,0,0,0,0,0,0,0,0,16,122,1,21,0,0,0,34.2
Kenjon Barner,LAC,RB,0,0,0,0,0,27,129,2,5,42,0,11,0,0,0,34.1
Randy Bullock,Cin,K,0,0,0,0,0,0,0,0,0,0,0,0,0,0,0,34.0
Landry Jones,Pit,QB,53,86,558,4,2,6,-4,0,0,0,0,0,0,0,0,33.9
Jonathan Grimes,Jax,RB,0,0,0,0,0,23,105,0,13,94,0,18,0,0,0,32.9
Vincent Jackson,TB,WR,0,0,0,0,0,0,0,0,15,173,0,31,0,0,0,32.3
Bryce Petty,NYJ,QB,75,133,809,3,7,5,19,0,0,0,0,0,1,1,0,32.3
MarQueis Gray,Mia,TE,0,0,0,0,0,0,0,0,14,174,0,17,0,0,0,31.4
Marquess Wilson,NYJ,WR,0,0,0,0,0,0,0,0,9,160,1,16,0,0,0,31.0
Braxton Miller,Hou,WR,0,0,0,0,0,3,0,0,15,99,1,28,0,0,0,30.9
Darren Waller,Bal,TE,0,0,0,0,0,0,0,0,10,85,2,17,0,0,0,30.5
Andre Ellington,Ari,RB,0,0,0,0,0,34,96,0,12,85,0,19,0,0,0,30.1
A.J. Derby,Den,TE,0,0,0,0,0,0,0,0,16,160,0,19,0,1,0,30.0
Andre Johnson,Ten,WR,0,0,0,0,0,0,0,0,9,85,2,23,0,0,0,29.5
Brent Celek,Phi,TE,0,0,0,0,0,0,0,0,14,155,0,19,0,0,0,29.5
Ronnie Hillman,Dal,RB,0,0,0,0,0,41,131,0,7,93,0,15,0,0,0,29.4
Ed Dickson,Car,TE,0,0,0,0,0,0,0,0,10,134,1,19,0,0,0,29.4
Kerwynn Williams,Ari,RB,0,0,0,0,0,18,157,2,1,6,0,2,0,0,0,29.3
Roger Lewis,NYG,WR,0,0,0,0,0,0,0,0,7,97,2,19,0,0,0,28.7
Cameron Artis-Payne,Car,RB,0,0,0,0,0,36,144,2,1,11,0,1,0,0,0,28.5
Kapri Bibbs,SF,RB,0,0,0,0,0,29,129,0,2,75,1,4,0,0,0,28.4
Paxton Lynch,Den,QB,49,83,497,2,1,11,25,0,0,0,0,0,0,0,0,28.4
Anthony Fasano,Mia,TE,0,0,0,0,0,0,0,0,8,83,2,14,0,0,0,28.3
Jacoby Brissett,NE,QB,34,55,400,0,0,16,83,1,0,0,0,0,0,1,0,28.3
Larry Donnell,Bal,TE,0,0,0,0,0,0,0,0,15,92,1,22,0,1,0,28.2
Walter Powell,Buf,WR,0,0,0,0,0,0,0,0,14,142,0,25,0,0,0,28.2
Freddie Martino,TB,WR,0,0,0,0,0,0,0,0,8,142,1,11,0,0,0,28.2
Nick Foles,Phi,QB,36,55,410,3,0,4,-4,0,0,0,0,0,0,0,0,28.0
Danny Woodhead,Bal,RB,0,0,0,0,0,19,116,0,6,35,1,8,0,0,0,27.1
Jaelen Strong,Hou,WR,0,0,0,0,0,0,0,0,14,131,0,24,0,0,0,27.1
Ameer Abdullah,Det,RB,0,0,0,0,0,18,101,0,5,57,1,5,0,0,0,26.8
Orleans Darkwa,NYG,RB,0,0,0,0,0,30,111,2,2,12,0,4,0,0,0,26.3
Chris Harper,NYJ,WR,0,0,0,0,0,0,0,0,13,133,0,20,0,0,0,26.3
Stephen Anderson,Hou,TE,0,0,0,0,0,0,0,0,11,93,1,16,0,0,0,26.3
Cecil Shorts III,TB,WR,0,0,0,0,0,0,0,0,11,152,0,27,0,0,0,26.2
Chris Moore,Bal,WR,0,0,0,0,0,3,19,0,7,46,0,16,0,0,2,25.5
Tyler Higbee,LAR,TE,0,0,0,0,0,0,0,0,11,85,1,28,0,0,0,25.5
Brandon Tate,Buf,WR,0,0,0,0,0,3,48,0,8,117,0,11,0,0,0,24.5
Reggie Bush,Buf,RB,0,0,0,0,0,12,-3,1,7,90,0,10,1,0,0,23.7
Jarius Wright,Min,WR,0,0,0,0,0,0,0,0,11,67,1,14,0,0,0,23.7
John Phillips,NO,TE,0,0,0,0,0,0,0,0,10,72,1,14,0,0,0,23.2
Ka'Deem Carey,Chi,RB,0,0,0,0,0,32,126,0,5,55,0,7,0,0,0,23.1
Jeff Heuerman,Den,TE,0,0,0,0,0,0,0,0,9,141,0,17,0,0,0,23.1
James Wright,Cle,WR,0,0,0,0,0,2,-6,0,13,106,0,19,0,0,0,23.0
Neal Sterling,Jax,TE,0,0,0,0,0,0,0,0,12,110,0,16,0,0,0,23.0
Arrelious Benn,Jax,WR,0,0,0,0,0,0,0,0,5,116,1,10,0,0,0,22.6
Pharoh Cooper,LAR,WR,0,1,0,0,1,0,0,0,14,106,0,20,0,0,0,22.6
Nick O'Leary,Buf,TE,0,0,0,0,0,0,0,0,9,114,0,14,1,0,0,22.4
Paul Turner,Phi,WR,0,0,0,0,0,0,0,0,9,126,0,14,0,0,0,21.6
Crockett Gillmore,Bal,TE,0,0,0,0,0,0,0,0,8,71,1,14,0,0,0,21.1
Brandon Myers,TB,TE,0,0,0,0,0,0,0,0,7,59,1,14,1,0,0,20.9
Rhett Ellison,NYG,TE,0,0,0,0,0,1,1,1,9,57,0,15,0,0,0,20.8
Brittan Golden,Ari,WR,0,0,0,0,0,0,0,0,8,82,1,14,0,1,0,20.2
Jordan Cameron,Mia,TE,0,0,0,0,0,0,0,0,8,60,1,11,0,0,0,20.0
Denard Robinson,Jax,RB,0,0,0,0,0,41,144,0,3,22,0,5,0,0,0,19.6
Arian Foster,Mia,RB,0,0,0,0,0,22,55,0,6,78,0,10,0,0,0,19.3
Tyler Kroft,Cin,TE,0,0,0,0,0,0,0,0,10,92,0,12,0,0,0,19.2
Dominique Jones,Mia,TE,0,0,0,0,0,0,0,0,7,61,1,10,0,0,0,19.1
Greg Salas,Buf,WR,0,0,0,0,0,0,0,0,4,89,1,6,0,0,0,18.9
C.J. Spiller,KC,RB,0,0,0,0,0,6,18,0,6,50,1,12,0,0,0,18.8
Andy Janovich,Den,RB,0,0,0,0,0,4,33,1,5,44,0,7,0,0,0,18.7
Patrick DiMarco,Buf,RB,0,0,0,0,0,0,0,0,7,52,1,10,0,0,0,18.2
Tom Savage,Hou,QB,46,73,461,0,0,6,12,0,0,0,0,0,0,1,0,17.6
Terron Ward,Atl,RB,0,0,0,0,0,31,151,0,1,11,0,2,0,0,0,17.2
Markus Wheaton,Chi,WR,0,0,0,0,0,0,0,0,4,51,1,9,1,0,0,17.1
David Johnson,Pit,TE,0,0,0,0,0,0,0,0,7,80,0,11,1,0,0,17.0
Keith Mumphery,Hou,WR,0,0,0,0,0,0,0,0,10,69,0,12,0,0,0,16.9
Akeem Hunt,Hou,RB,0,0,0,0,0,20,109,0,3,29,0,4,0,0,0,16.8
Kevin Hogan,Cle,QB,14,26,104,0,2,8,105,1,0,0,0,0,0,0,0,16.7
Ryan Grant,Wsh,WR,0,0,0,0,0,0,0,0,9,76,0,19,0,0,0,16.6
Derek Anderson,Car,QB,36,53,453,2,5,1,4,0,0,0,0,0,1,1,0,16.5
Antone Smith,TB,RB,0,0,0,0,0,10,47,0,6,77,0,9,0,1,0,16.4
Demarcus Ayers,Pit,WR,0,0,0,0,0,2,-12,0,6,53,1,13,0,0,0,16.1
Alan Cross,TB,TE,0,0,0,0,0,0,0,0,6,38,1,10,0,0,0,15.8
Tommylee Lewis,NO,WR,0,0,0,0,0,3,11,0,7,76,0,11,0,0,0,15.7
Matt Cassel,Ten,QB,30,51,284,2,2,4,3,0,0,0,0,0,0,0,0,15.7
Cody Latimer,Den,WR,0,0,0,0,0,0,0,0,8,76,0,15,0,0,0,15.6
Chris Johnson,Ari,RB,0,0,0,0,0,25,95,1,0,0,0,1,0,0,0,15.5
Mack Brown,Wsh,RB,0,0,0,0,0,8,82,1,1,-2,0,1,0,0,0,15.0
Mike Davis,Sea,RB,0,0,0,0,0,19,50,1,3,25,0,5,0,1,0,14.5
Brandon Bostick,NYJ,TE,0,0,0,0,0,0,0,0,8,63,0,11,0,0,0,14.3
TJ Jones,Det,WR,0,0,0,0,0,0,0,0,5,93,0,14,0,0,0,14.3
Marcel Reece,Sea,RB,0,0,0,0,0,2,0,0,5,72,0,5,1,0,0,14.2
Lucky Whitehead,NYJ,WR,0,0,0,0,0,10,82,0,3,48,0,3,0,1,0,14.0
Aaron Burbridge,SF,WR,0,0,0,0,0,0,0,0,7,88,0,16,0,1,0,13.8
Jeremy Ross,Ari,WR,0,0,0,0,0,0,0,0,4,37,1,4,0,0,0,13.7
Rashard Higgins,Cle,WR,0,0,0,0,0,0,0,0,6,77,0,12,0,0,0,13.7
Darren McFadden,Dal,RB,0,0,0,0,0,24,87,0,3,17,0,5,0,0,0,13.4
Jamaal Charles,Den,RB,0,0,0,0,0,12,40,1,2,14,0,3,0,0,0,13.4
De'Anthony Thomas,KC,WR,0,0,0,0,0,4,29,0,7,35,0,9,0,0,0,13.4
Joshua Perkins,Atl,TE,0,0,0,0,0,0,0,0,3,42,1,5,0,0,0,13.2
Alex Erickson,Cin,WR,0,0,0,0,0,0,0,0,6,71,0,8,0,0,0,13.1
Jerome Felton,Buf,RB,0,0,0,0,0,8,13,0,6,57,0,9,0,0,0,13.0
Gavin Escobar,KC,TE,0,0,0,0,0,0,0,0,4,30,1,7,0,0,0,13.0
Geoff Swaim,Dal,TE,0,0,0,0,0,0,0,0,6,69,0,8,0,0,0,12.9
Derek Watt,LAC,RB,0,0,0,0,0,2,4,0,4,83,0,4,0,0,0,12.7
Blake Bell,SF,TE,0,0,0,0,0,0,0,0,4,85,0,9,0,0,0,12.5
Jonathan Williams,Buf,RB,0,1,0,0,0,27,94,1,1,0,0,2,0,2,0,12.4
Keenan Allen,LAC,WR,0,0,0,0,0,0,0,0,6,63,0,7,0,0,0,12.3
Fitzgerald Toussaint,Pit,RB,0,0,0,0,0,14,58,0,3,33,0,3,0,0,0,12.1
Jordan Todman,NYJ,RB,0,0,0,0,0,9,59,0,0,0,0,1,0,0,1,11.9
Leonte Carroo,Mia,WR,0,0,0,0,0,0,0,0,3,29,1,6,0,0,0,11.9
Bryce Treggs,Phi,WR,0,0,0,0,0,2,7,0,3,80,0,12,0,0,0,11.7
Wendall Williams,Hou,WR,0,0,0,0,0,0,0,0,4,75,0,7,0,0,0,11.5
Nick Williams,Atl,WR,0,0,0,0,0,0,0,0,5,59,0,7,0,0,0,10.9
Dexter McCluster,LAC,RB,0,0,0,0,0,3,2,0,7,36,0,11,0,0,0,10.8
Nick Boyle,Bal,TE,0,0,0,0,0,0,0,0,6,44,0,6,0,0,0,10.4
Byron Marshall,Phi,RB,0,0,0,0,0,19,64,0,3,10,0,5,0,0,0,10.4
Knile Davis,Pit,RB,0,0,0,0,0,18,28,0,5,25,0,7,0,0,0,10.3
Terrell Watson,Pit,RB,0,0,0,0,0,9,28,1,1,5,0,1,0,0,0,10.3
Phillip Supernaw,Ten,TE,0,0,0,0,0,0,0,0,4,62,0,5,0,0,0,10.2
Matt Lengel,NE,TE,0,0,0,0,0,0,0,0,2,22,1,3,0,0,0,10.2
Shaun Hill,Min,QB,19,35,242,0,0,5,5,0,0,0,0,0,0,0,0,10.2
Malcolm Brown,LAR,RB,0,0,0,0,0,18,39,0,3,46,0,3,0,1,0,9.5
Trevor Davis,GB,WR,0,0,0,0,0,0,0,0,3,24,1,6,0,1,0,9.4
George Atkinson III,Oak,RB,0,0,0,0,0,7,34,1,0,0,0,0,0,0,0,9.4
Charlie Whitehurst,Cle,QB,14,24,182,1,1,2,1,0,0,0,0,0,0,0,0,9.4
Drew Stanton,Ari,QB,19,48,192,2,3,3,-3,0,0,0,0,0,0,0,0,9.4
Adrian Peterson,NO,RB,0,0,0,0,0,37,72,0,3,8,0,6,0,1,0,9.0
Mike Glennon,Chi,QB,10,11,75,1,0,0,0,0,0,0,0,0,1,0,0,9.0
Scott Tolzien,Ind,QB,23,37,216,1,2,6,3,0,0,0,0,0,0,0,0,8.9
